symbol,coingecko_id,coinmarketcap_id,canonical_id,notes
BTC,osmosis-allbtc,,cg:osmosis-allbtc,symbol_map
XEC,ecash,,cg:ecash,symbol_map
BRISE,bitrise-token,,cg:bitrise-token,symbol_map
BOBA,boba-network,,cg:boba-network,symbol_map
MANA,decentraland,,cg:decentraland,symbol_map
POLYX,polymesh,,cg:polymesh,symbol_map
WKC,wiki-cat,,cg:wiki-cat,symbol_map
ETHW,ethereum-pow-iou,,cg:ethereum-pow-iou,symbol_map
MYTH,mythos,,cg:mythos,symbol_map
NKN,nkn,,cg:nkn,symbol_map
VCNT,vicicoin,,cg:vicicoin,symbol_map
DAG,constellation-labs,,cg:constellation-labs,symbol_map
MOC,mossland,,cg:mossland,symbol_map
OORT,oort,,cg:oort,symbol_map
AVA,ava-ai,,cg:ava-ai,symbol_map
TRUMP,official-trump,,cg:official-trump,symbol_map
SHELL,myshell,,cg:myshell,symbol_map
NILA,mindwavedao,,cg:mindwavedao,symbol_map
XPL,plasma,,cg:plasma,symbol_map
USDCV,usd-coinvertible,,cg:usd-coinvertible,symbol_map
TOWNS,towns,,cg:towns,symbol_map
TLTON,ishares-20-year-treasury-bond-etf-ondo-tokenized-etf,,cg:ishares-20-year-treasury-bond-etf-ondo-tokenized-etf,symbol_map
IVVON,ishares-core-s-p-500-etf-ondo-tokenized-etf,,cg:ishares-core-s-p-500-etf-ondo-tokenized-etf,symbol_map
AKE,akedo,,cg:akedo,symbol_map
GIGGLE,giggle-fund,,cg:giggle-fund,symbol_map
PSG,paris-saint-germain-fan-token,,cg:paris-saint-germain-fan-token,symbol_map
CTSI,cartesi,,cg:cartesi,symbol_map
JST,just,,cg:just,symbol_map
QANX,qanplatform,,cg:qanplatform,symbol_map
DOT,polkadot,,cg:polkadot,symbol_map
SPA,sperax,,cg:sperax,symbol_map
SUSHI,sushi,,cg:sushi,symbol_map
PYR,vulcan-forged,,cg:vulcan-forged,symbol_map
FORTH,ampleforth-governance-token,,cg:ampleforth-governance-token,symbol_map
QRL,quantum-resistant-ledger,,cg:quantum-resistant-ledger,symbol_map
SNT,status,,cg:status,symbol_map
XCN,chain-2,,cg:chain-2,symbol_map
STG,stargate-finance,,cg:stargate-finance,symbol_map
VELO,velodrome-finance,,cg:velodrome-finance,symbol_map
SAUCE,saucerswap,,cg:saucerswap,symbol_map
ACX,across-protocol,,cg:across-protocol,symbol_map
ELA,elastos,,cg:elastos,symbol_map
NPC,non-playable-coin,,cg:non-playable-coin,symbol_map
BEAM,beam,,cg:beam,symbol_map
OLAS,autonolas,,cg:autonolas,symbol_map
XAI,sideshift-token,,cg:sideshift-token,symbol_map
EIGEN,eigenlayer,,cg:eigenlayer,symbol_map
XBG,xborg,,cg:xborg,symbol_map
CHEEMS,cheems-token,,cg:cheems-token,symbol_map
ARENA,the-arena,,cg:the-arena,symbol_map
XAUM,matrixdock-gold,,cg:matrixdock-gold,symbol_map
SONIC,sonic-svm,,cg:sonic-svm,symbol_map
HAEDAL,haedal,,cg:haedal,symbol_map
B,build-on,,cg:build-on,symbol_map
TRADOOR,tradoor,,cg:tradoor,symbol_map
IDOL,meet48,,cg:meet48,symbol_map
USELESS,useless-3,,cg:useless-3,symbol_map
BORA,bora,,cg:bora,symbol_map
MIRA,mira-3,,cg:mira-3,symbol_map
MBL,moviebloc,,cg:moviebloc,symbol_map
LUNC,terra-luna,,cg:terra-luna,symbol_map
COMP,compound-governance-token,,cg:compound-governance-token,symbol_map
INV,inverse-finance,,cg:inverse-finance,symbol_map
KUB,bitkub-coin,,cg:bitkub-coin,symbol_map
VENOM,venom,,cg:venom,symbol_map
NFP,nfprompt-token,,cg:nfprompt-token,symbol_map
EURR,stablr-euro,,cg:stablr-euro,symbol_map
AEVO,aevo-exchange,,cg:aevo-exchange,symbol_map
SHFL,shuffle-2,,cg:shuffle-2,symbol_map
ATH,aethir,,cg:aethir,symbol_map
KARRAT,karrat,,cg:karrat,symbol_map
DBR,debridge,,cg:debridge,symbol_map
INIT,initia,,cg:initia,symbol_map
TAOBOT,tao-bot,,cg:tao-bot,symbol_map
OBT,oobit,,cg:oobit,symbol_map
GOHOME,gohome,,cg:gohome,symbol_map
KTA,keeta,,cg:keeta,symbol_map
MNSRY,mansory-token,,cg:mansory-token,symbol_map
XPIN,xpin-network,,cg:xpin-network,symbol_map
SAPIEN,sapien-2,,cg:sapien-2,symbol_map
PINGPONG,pingpong,,cg:pingpong,symbol_map
APR,apriori,,cg:apriori,symbol_map
COMMON,common-2,,cg:common-2,symbol_map
BAY,marina-protocol,,cg:marina-protocol,symbol_map
ONE,harmony,,cg:harmony,symbol_map
COTI,coti,,cg:coti,symbol_map
TRB,tellor,,cg:tellor,symbol_map
KEEP,keep-network,,cg:keep-network,symbol_map
XCH,chia,,cg:chia,symbol_map
VVS,vvs-finance,,cg:vvs-finance,symbol_map
MLN,melon,,cg:melon,symbol_map
IOTA,iota,,cg:iota,symbol_map
NYM,nym,,cg:nym,symbol_map
AITECH,solidus-aitech,,cg:solidus-aitech,symbol_map
PRO,propy,,cg:propy,symbol_map
CETUS,cetus-protocol,,cg:cetus-protocol,symbol_map
USDE,ethena-usde,,cg:ethena-usde,symbol_map
ZRC,zircuit,,cg:zircuit,symbol_map
FLUX,zelcash,,cg:zelcash,symbol_map
PUFFER,puffer-finance,,cg:puffer-finance,symbol_map
PLUME,plume,,cg:plume,symbol_map
VINE,vine,,cg:vine,symbol_map
TROLL,troll-2,,cg:troll-2,symbol_map
CUDIS,cudis,,cg:cudis,symbol_map
LA,lagrange,,cg:lagrange,symbol_map
HUMA,huma-finance,,cg:huma-finance,symbol_map
ICNT,impossible-cloud-network-token,,cg:impossible-cloud-network-token,symbol_map
IKA,ika,,cg:ika,symbol_map
CELR,celer-network,,cg:celer-network,symbol_map
MMT,momentum-3,,cg:momentum-3,symbol_map
FF,falcon-finance-ff,,cg:falcon-finance-ff,symbol_map
币安人生,bianrensheng,,cg:bianrensheng,symbol_map
CHZ,chiliz,,cg:chiliz,symbol_map
EL,elysia,,cg:elysia,symbol_map
POND,marlin,,cg:marlin,symbol_map
1INCH,1inch,,cg:1inch,symbol_map
SC,siacoin,,cg:siacoin,symbol_map
COREUM,coreum,,cg:coreum,symbol_map
DNT,district0x,,cg:district0x,symbol_map
ADS,adshares,,cg:adshares,symbol_map
GEOD,geodnet,,cg:geodnet,symbol_map
QUAI,quai-network,,cg:quai-network,symbol_map
UQC,uquid-coin,,cg:uquid-coin,symbol_map
BONK,bonk,,cg:bonk,symbol_map
TRAC,origintrail,,cg:origintrail,symbol_map
LINEA,linea,,cg:linea,symbol_map
ACE,endurance,,cg:endurance,symbol_map
PORT3,port3-network,,cg:port3-network,symbol_map
DOGINME,doginme,,cg:doginme,symbol_map
DOG,the-doge-nft,,cg:the-doge-nft,symbol_map
WFI,wefi,,cg:wefi,symbol_map
FAI,freysa-ai,,cg:freysa-ai,symbol_map
VANA,vana,,cg:vana,symbol_map
ARC,ai-rig-complex,,cg:ai-rig-complex,symbol_map
CORN,corn-3,,cg:corn-3,symbol_map
DARKSTAR,darkstar,,cg:darkstar,symbol_map
4,4-2,,cg:4-2,symbol_map
LYN,everlyn,,cg:everlyn,symbol_map
TURTLE,turtle-4,,cg:turtle-4,symbol_map
BDX,beldex,,cg:beldex,symbol_map
AWE,stp-network,,cg:stp-network,symbol_map
MAPO,marcopolo,,cg:marcopolo,symbol_map
SCRT,secret,,cg:secret,symbol_map
DEXT,dextools,,cg:dextools,symbol_map
ACA,acala,,cg:acala,symbol_map
WOO,woo-network,,cg:woo-network,symbol_map
MIN,minswap,,cg:minswap,symbol_map
AURORA,aurora-near,,cg:aurora-near,symbol_map
GNO,gnosis,,cg:gnosis,symbol_map
RSS3,rss3,,cg:rss3,symbol_map
CCD,concordium,,cg:concordium,symbol_map
FIL,filecoin,,cg:filecoin,symbol_map
HOT,holotoken,,cg:holotoken,symbol_map
XYO,xyo-network,,cg:xyo-network,symbol_map
WEN,wen-4,,cg:wen-4,symbol_map
RPL,rocket-pool,,cg:rocket-pool,symbol_map
HASHAI,hashai,,cg:hashai,symbol_map
GEMS,gems-vip,,cg:gems-vip,symbol_map
ROAM,roam-token,,cg:roam-token,symbol_map
ONG,ong,,cg:ong,symbol_map
REKT,rekt-4,,cg:rekt-4,symbol_map
ANON,heyanon,,cg:heyanon,symbol_map
YUSD,synatra-staked-usdc,,cg:synatra-staked-usdc,symbol_map
SOMI,somnia,,cg:somnia,symbol_map
WAI,world3,,cg:world3,symbol_map
BLESS,bless-2,,cg:bless-2,symbol_map
COAI,chainopera-ai,,cg:chainopera-ai,symbol_map
RSR,reserve-rights-token,,cg:reserve-rights-token,symbol_map
CTK,certik,,cg:certik,symbol_map
GLMR,moonbeam,,cg:moonbeam,symbol_map
PHA,pha,,cg:pha,symbol_map
AMP,amp-token,,cg:amp-token,symbol_map
GHST,aavegotchi,,cg:aavegotchi,symbol_map
ASTR,astar,,cg:astar,symbol_map
BNB,binancecoin,,cg:binancecoin,symbol_map
XTZ,tezos,,cg:tezos,symbol_map
ONDO,ondo-finance,,cg:ondo-finance,symbol_map
ETN,electroneum,,cg:electroneum,symbol_map
OHO,oho-blockchain,,cg:oho-blockchain,symbol_map
HOOK,hooked-protocol,,cg:hooked-protocol,symbol_map
BERA,berachain-bera,,cg:berachain-bera,symbol_map
BITCOIN,harrypotterobamasonic10in,,cg:harrypotterobamasonic10in,symbol_map
ISLM,islamic-coin,,cg:islamic-coin,symbol_map
SCR,scroll,,cg:scroll,symbol_map
PYTH,pyth-network,,cg:pyth-network,symbol_map
ULTIMA,ultima,,cg:ultima,symbol_map
DADDY,daddy-tate,,cg:daddy-tate,symbol_map
HMSTR,hamster-kombat,,cg:hamster-kombat,symbol_map
LAB,lab,,cg:lab,symbol_map
RBNT,redbelly-network-token,,cg:redbelly-network-token,symbol_map
GPS,goplus-security,,cg:goplus-security,symbol_map
BSV,bitcoin-cash-sv,,cg:bitcoin-cash-sv,symbol_map
MM,momofun,,cg:momofun,symbol_map
HOLO,holoworld,,cg:holoworld,symbol_map
EVAA,evaa-protocol,,cg:evaa-protocol,symbol_map
NOM,nomina,,cg:nomina,symbol_map
AB,newton-project,,cg:newton-project,symbol_map
ZANO,zano,,cg:zano,symbol_map
OM,mantra-dao,,cg:mantra-dao,symbol_map
KOGE,bnb48-club-token,,cg:bnb48-club-token,symbol_map
ALCX,alchemix,,cg:alchemix,symbol_map
AGLD,adventure-gold,,cg:adventure-gold,symbol_map
NMR,numeraire,,cg:numeraire,symbol_map
USDD,usdd,,cg:usdd,symbol_map
ACS,access-protocol,,cg:access-protocol,symbol_map
CORE,coredaoorg,,cg:coredaoorg,symbol_map
GHO,gho,,cg:gho,symbol_map
TURBO,turbo,,cg:turbo,symbol_map
SNEK,snek,,cg:snek,symbol_map
UNP,unipoly,,cg:unipoly,symbol_map
MOCA,mocaverse,,cg:mocaverse,symbol_map
DEEP,deep,,cg:deep,symbol_map
ZEREBRO,zerebro,,cg:zerebro,symbol_map
MEY,mey-network,,cg:mey-network,symbol_map
UFD,unicorn-fart-dust,,cg:unicorn-fart-dust,symbol_map
MET,meteora,,cg:meteora,symbol_map
NIL,nillion,,cg:nillion,symbol_map
FRXUSD,frax-usd,,cg:frax-usd,symbol_map
BTR,bitrue-token,,cg:bitrue-token,symbol_map
MORI,mori-coin,,cg:mori-coin,symbol_map
UB,unibase,,cg:unibase,symbol_map
AIA,aia,,cg:aia,symbol_map
BLUAI,bluwhale,,cg:bluwhale,symbol_map
PCI,pay-coin,,cg:pay-coin,symbol_map
XPR,proton,,cg:proton,symbol_map
FRAX,frax-share,,cg:frax-share,symbol_map
PNG,pangolin,,cg:pangolin,symbol_map
BLUE,bluefin,,cg:bluefin,symbol_map
MBOX,mobox,,cg:mobox,symbol_map
MOVR,moonriver,,cg:moonriver,symbol_map
CVX,convex-finance,,cg:convex-finance,symbol_map
ATA,automata,,cg:automata,symbol_map
AGRS,agoras-currency-of-tau,,cg:agoras-currency-of-tau,symbol_map
FLUID,instadapp,,cg:instadapp,symbol_map
RARE,superrare,,cg:superrare,symbol_map
HEART,humans-ai,,cg:humans-ai,symbol_map
BAT,basic-attention-token,,cg:basic-attention-token,symbol_map
ADA,cardano,,cg:cardano,symbol_map
EURC,euro-coin,,cg:euro-coin,symbol_map
APT,aptos,,cg:aptos,symbol_map
BIGTIME,big-time,,cg:big-time,symbol_map
QKC,quark-chain,,cg:quark-chain,symbol_map
WOLF,wolf-2,,cg:wolf-2,symbol_map
WLFI,world-liberty-financial,,cg:world-liberty-financial,symbol_map
SIX,six,,cg:six,symbol_map
PENGU,pudgy-penguins,,cg:pudgy-penguins,symbol_map
USDF,astherus-usdf,,cg:astherus-usdf,symbol_map
ASTER,aster-2,,cg:aster-2,symbol_map
A,vaulta,,cg:vaulta,symbol_map
SLT,salute,,cg:salute,symbol_map
NEWT,newton-protocol,,cg:newton-protocol,symbol_map
AIO,olaxbt,,cg:olaxbt,symbol_map
UCN,uchain-2,,cg:uchain-2,symbol_map
ENSO,enso,,cg:enso,symbol_map
RIO,realio-network,,cg:realio-network,symbol_map
GT,gatechain-token,,cg:gatechain-token,symbol_map
SYS,syscoin,,cg:syscoin,symbol_map
RENDER,render-token,,cg:render-token,symbol_map
XVS,venus,,cg:venus,symbol_map
TRU,truefi,,cg:truefi,symbol_map
SOLV,solv-protocol,,cg:solv-protocol,symbol_map
EUL,euler,,cg:euler,symbol_map
REAL,reallink,,cg:reallink,symbol_map
T,threshold-network-token,,cg:threshold-network-token,symbol_map
CVC,civic,,cg:civic,symbol_map
BTG,bitcoin-gold,,cg:bitcoin-gold,symbol_map
ID,space-id,,cg:space-id,symbol_map
FTN,fasttoken,,cg:fasttoken,symbol_map
SWFTC,swftcoin,,cg:swftcoin,symbol_map
ZIL,zilliqa,,cg:zilliqa,symbol_map
RVN,ravencoin,,cg:ravencoin,symbol_map
JTO,jito-governance-token,,cg:jito-governance-token,symbol_map
AERO,aerodrome-finance,,cg:aerodrome-finance,symbol_map
BMX,bmx,,cg:bmx,symbol_map
ZKJ,polyhedra-network,,cg:polyhedra-network,symbol_map
MERL,merlin-chain,,cg:merlin-chain,symbol_map
KMNO,kamino,,cg:kamino,symbol_map
CAT,cat-terminal,,cg:cat-terminal,symbol_map
FB,fractal-bitcoin,,cg:fractal-bitcoin,symbol_map
BAN,comedian,,cg:comedian,symbol_map
PIN,pinlink,,cg:pinlink,symbol_map
A47,agenda-47,,cg:agenda-47,symbol_map
SIREN,siren-2,,cg:siren-2,symbol_map
PROMPT,wayfinder,,cg:wayfinder,symbol_map
AIOT,okzoo,,cg:okzoo,symbol_map
DUSD,dialectic-usd-vault,,cg:dialectic-usd-vault,symbol_map
USDUC,unstable-coin,,cg:unstable-coin,symbol_map
CARDS,collector-crypt,,cg:collector-crypt,symbol_map
0G,zero-gravity,,cg:zero-gravity,symbol_map
BEAT,audiera,,cg:audiera,symbol_map
IDEX,aurora-dao,,cg:aurora-dao,symbol_map
MX,mx-token,,cg:mx-token,symbol_map
CTC,creditcoin-2,,cg:creditcoin-2,symbol_map
AVAX,binance-peg-avalanche,,cg:binance-peg-avalanche,symbol_map
TPT,token-pocket,,cg:token-pocket,symbol_map
HEGIC,hegic,,cg:hegic,symbol_map
SFI,saffron-finance,,cg:saffron-finance,symbol_map
XSGD,xsgd,,cg:xsgd,symbol_map
PUNDIX,pundi-x-2,,cg:pundi-x-2,symbol_map
STRX,strikecoin,,cg:strikecoin,symbol_map
IDIA,idia,,cg:idia,symbol_map
ARDR,ardor,,cg:ardor,symbol_map
STORJ,storj,,cg:storj,symbol_map
MTL,metal,,cg:metal,symbol_map
TRX,solana-bridged-trx-solana,,cg:solana-bridged-trx-solana,symbol_map
ZETA,zetachain,,cg:zetachain,symbol_map
SAFE,safecoin,,cg:safecoin,symbol_map
DIMO,dimo,,cg:dimo,symbol_map
THE,thena,,cg:thena,symbol_map
AGI,delysium,,cg:delysium,symbol_map
SWELL,swell-network,,cg:swell-network,symbol_map
BORG,swissborg,,cg:swissborg,symbol_map
ABT,arcblock,,cg:arcblock,symbol_map
PYUSD,paypal-usd,,cg:paypal-usd,symbol_map
GIGA,gigachad-2,,cg:gigachad-2,symbol_map
SHARP,sharp-token,,cg:sharp-token,symbol_map
LUMIA,lumia,,cg:lumia,symbol_map
USUAL,usual,,cg:usual,symbol_map
RLUSD,ripple-usd,,cg:ripple-usd,symbol_map
M,memecore,,cg:memecore,symbol_map
SPYX,sp500-xstock,,cg:sp500-xstock,symbol_map
TREE,treehouse,,cg:treehouse,symbol_map
GUSD,gemini-dollar,,cg:gemini-dollar,symbol_map
CKB,nervos-network,,cg:nervos-network,symbol_map
CELO,celo,,cg:celo,symbol_map
BAL,balancer,,cg:balancer,symbol_map
SHIB,shiba-inu,,cg:shiba-inu,symbol_map
AHT,ahatoken,,cg:ahatoken,symbol_map
WEMIX,wemix-token,,cg:wemix-token,symbol_map
VANRY,vanar-chain,,cg:vanar-chain,symbol_map
TOKE,tokemak,,cg:tokemak,symbol_map
LSK,lisk,,cg:lisk,symbol_map
XNO,nano,,cg:nano,symbol_map
RLC,iexec-rlc,,cg:iexec-rlc,symbol_map
COW,cow-protocol,,cg:cow-protocol,symbol_map
APEX,apex-token-2,,cg:apex-token-2,symbol_map
LTC,litecoin,,cg:litecoin,symbol_map
MPLX,metaplex,,cg:metaplex,symbol_map
LOAN,proton-loan,,cg:proton-loan,symbol_map
ZK,zksync,,cg:zksync,symbol_map
TUSD,true-usd,,cg:true-usd,symbol_map
APU,apu-s-club,,cg:apu-s-club,symbol_map
STRAX,stratis,,cg:stratis,symbol_map
ZEUS,zeus-network,,cg:zeus-network,symbol_map
KEYCAT,keyboard-cat-base,,cg:keyboard-cat-base,symbol_map
PRCL,parcl,,cg:parcl,symbol_map
ZENT,zentry,,cg:zentry,symbol_map
MIGGLES,mister-miggles,,cg:mister-miggles,symbol_map
ACT,achain,,cg:achain,symbol_map
AIXBT,aixbt,,cg:aixbt,symbol_map
READY,ready,,cg:ready,symbol_map
BGSC,bugscoin,,cg:bugscoin,symbol_map
JELLYJELLY,jelly-my-jelly,,cg:jelly-my-jelly,symbol_map
YALA,yala,,cg:yala,symbol_map
GUN,gunz,,cg:gunz,symbol_map
ESPORTS,yooldo-games,,cg:yooldo-games,symbol_map
AA,arai,,cg:arai,symbol_map
YB,yield-basis,,cg:yield-basis,symbol_map
KITE,kite-2,,cg:kite-2,symbol_map
SURE,insure,,cg:insure,symbol_map
XLM,stellar,,cg:stellar,symbol_map
CRV,curve-dao-token,,cg:curve-dao-token,symbol_map
CAKE,pancakeswap-token,,cg:pancakeswap-token,symbol_map
CUSD,celo-dollar,,cg:celo-dollar,symbol_map
CFX,conflux-token,,cg:conflux-token,symbol_map
AQT,alpha-quark-token,,cg:alpha-quark-token,symbol_map
RAMP,ramp,,cg:ramp,symbol_map
API3,api3,,cg:api3,symbol_map
SFP,safepal,,cg:safepal,symbol_map
JASMY,jasmycoin,,cg:jasmycoin,symbol_map
MASK,mask-network,,cg:mask-network,symbol_map
VOW,vow,,cg:vow,symbol_map
TKO,tokocrypto,,cg:tokocrypto,symbol_map
QI,benqi,,cg:benqi,symbol_map
ALU,altura,,cg:altura,symbol_map
SRX,storx,,cg:storx,symbol_map
ALI,alethea-artificial-liquid-intelligence-token,,cg:alethea-artificial-liquid-intelligence-token,symbol_map
IXT,ix-token,,cg:ix-token,symbol_map
ADX,adex,,cg:adex,symbol_map
AXL,axelar,,cg:axelar,symbol_map
MBX,marblex,,cg:marblex,symbol_map
PEPECOIN,pepecoin-2,,cg:pepecoin-2,symbol_map
GRS,groestlcoin,,cg:groestlcoin,symbol_map
IO,io,,cg:io,symbol_map
SAGA,saga-2,,cg:saga-2,symbol_map
EURCV,societe-generale-forge-eurcv,,cg:societe-generale-forge-eurcv,symbol_map
SERV,openserv,,cg:openserv,symbol_map
GRIFFAIN,griffain,,cg:griffain,symbol_map
DIAM,diam,,cg:diam,symbol_map
ES,eclipse-3,,cg:eclipse-3,symbol_map
EDGE,edge,,cg:edge,symbol_map
MYX,myx-finance,,cg:myx-finance,symbol_map
YZY,yzy,,cg:yzy,symbol_map
NOW,changenow,,cg:changenow,symbol_map
ALGO,algorand,,cg:algorand,symbol_map
STX,blockstack,,cg:blockstack,symbol_map
HIVE,hive,,cg:hive,symbol_map
SLP,smooth-love-potion,,cg:smooth-love-potion,symbol_map
AXS,axie-infinity,,cg:axie-infinity,symbol_map
ILV,illuvium,,cg:illuvium,symbol_map
DGB,digibyte,,cg:digibyte,symbol_map
DCR,decred,,cg:decred,symbol_map
ARK,ark,,cg:ark,symbol_map
RDNT,radiant-capital,,cg:radiant-capital,symbol_map
FORM,four,,cg:four,symbol_map
LMWR,limewire-token,,cg:limewire-token,symbol_map
POL,polygon-ecosystem-token,,cg:polygon-ecosystem-token,symbol_map
UPC,upcx,,cg:upcx,symbol_map
CET,coinex-token,,cg:coinex-token,symbol_map
DEVVE,devve,,cg:devve,symbol_map
DEGEN,degen-base,,cg:degen-base,symbol_map
TAIKO,taiko,,cg:taiko,symbol_map
AURA,aura-on-sol,,cg:aura-on-sol,symbol_map
GCB,global-commercial-business,,cg:global-commercial-business,symbol_map
PMT,public-meme-token,,cg:public-meme-token,symbol_map
SUPRA,supra,,cg:supra,symbol_map
AVL,avalon-2,,cg:avalon-2,symbol_map
SKYAI,skyai,,cg:skyai,symbol_map
TAC,tac,,cg:tac,symbol_map
A2Z,arena-z,,cg:arena-z,symbol_map
CDL,creditlink-token,,cg:creditlink-token,symbol_map
CLO,yei-finance,,cg:yei-finance,symbol_map
42,semantic-layer,,cg:semantic-layer,symbol_map
XAUT,tether-gold,,cg:tether-gold,symbol_map
MLK,milk-alliance,,cg:milk-alliance,symbol_map
SOL,binance-peg-sol,,cg:binance-peg-sol,symbol_map
PENDLE,pendle,,cg:pendle,symbol_map
MMUI,metamui,,cg:metamui,symbol_map
MANTA,manta-network,,cg:manta-network,symbol_map
OGY,origyn-foundation,,cg:origyn-foundation,symbol_map
OMG,omisego,,cg:omisego,symbol_map
DENT,dent,,cg:dent,symbol_map
CGO,comtech-gold,,cg:comtech-gold,symbol_map
FUEL,fuel-network,,cg:fuel-network,symbol_map
MOBILE,helium-mobile,,cg:helium-mobile,symbol_map
ALT,altlayer,,cg:altlayer,symbol_map
ANDY,andy-the-wisguy,,cg:andy-the-wisguy,symbol_map
EURS,stasis-eurs,,cg:stasis-eurs,symbol_map
VET,vechain,,cg:vechain,symbol_map
PEP,pepecoin-network,,cg:pepecoin-network,symbol_map
STO,stakestone,,cg:stakestone,symbol_map
L3,layer3,,cg:layer3,symbol_map
BIO,bio-protocol,,cg:bio-protocol,symbol_map
TUT,tutorial,,cg:tutorial,symbol_map
HOME,home,,cg:home,symbol_map
KERNEL,kernel-2,,cg:kernel-2,symbol_map
CRO,crypto-com-chain,,cg:crypto-com-chain,symbol_map
AIN,infinity-ground,,cg:infinity-ground,symbol_map
NOICE,noice,,cg:noice,symbol_map
RECALL,recall,,cg:recall,symbol_map
DAI,avalanche-bridged-dai-avalanche,,cg:avalanche-bridged-dai-avalanche,symbol_map
KSM,kusama,,cg:kusama,symbol_map
DKA,dkargo,,cg:dkargo,symbol_map
TWT,trust-wallet-token,,cg:trust-wallet-token,symbol_map
USDT,bridged-tether-scroll,,cg:bridged-tether-scroll,symbol_map
SUPER,superfarm,,cg:superfarm,symbol_map
RAY,raydium,,cg:raydium,symbol_map
ICP,internet-computer,,cg:internet-computer,symbol_map
LAT,platon-network,,cg:platon-network,symbol_map
REP,augur,,cg:augur,symbol_map
STEEM,steem,,cg:steem,symbol_map
ZRX,0x,,cg:0x,symbol_map
REQ,request-network,,cg:request-network,symbol_map
MED,medibloc,,cg:medibloc,symbol_map
TEL,telcoin,,cg:telcoin,symbol_map
ICE,ice,,cg:ice,symbol_map
POPCAT,popcat,,cg:popcat,symbol_map
GAME,gamebuild,,cg:gamebuild,symbol_map
DRIFT,drift-protocol,,cg:drift-protocol,symbol_map
COOKIE,cookie,,cg:cookie,symbol_map
SOPH,sophon,,cg:sophon,symbol_map
XION,xion-2,,cg:xion-2,symbol_map
G,g-token,,cg:g-token,symbol_map
BABY,babylon,,cg:babylon,symbol_map
MOVE,movement,,cg:movement,symbol_map
SUNDOG,sundog,,cg:sundog,symbol_map
AUSD,agora-dollar,,cg:agora-dollar,symbol_map
SKY,sky,,cg:sky,symbol_map
MELANIA,melania-meme,,cg:melania-meme,symbol_map
LAYER,solayer,,cg:solayer,symbol_map
FHE,mind-network,,cg:mind-network,symbol_map
NOBODY,nobody-sausage,,cg:nobody-sausage,symbol_map
SPK,spark-2,,cg:spark-2,symbol_map
TSLAX,tesla-xstock,,cg:tesla-xstock,symbol_map
CROSS,cross-2,,cg:cross-2,symbol_map
PROM,prometeus,,cg:prometeus,symbol_map
WIN,win-3,,cg:win-3,symbol_map
ASM,assemble-protocol,,cg:assemble-protocol,symbol_map
GALA,gala,,cg:gala,symbol_map
DOGE,binance-peg-dogecoin,,cg:binance-peg-dogecoin,symbol_map
LUSD,liquity-usd,,cg:liquity-usd,symbol_map
KDA,kadena,,cg:kadena,symbol_map
SPELL,spell-token,,cg:spell-token,symbol_map
VR,victoria-vr,,cg:victoria-vr,symbol_map
ICX,icon,,cg:icon,symbol_map
NTRN,neutron-3,,cg:neutron-3,symbol_map
DYDX,dydx-chain,,cg:dydx-chain,symbol_map
PONKE,ponke,,cg:ponke,symbol_map
IQ,everipedia,,cg:everipedia,symbol_map
W,wormhole,,cg:wormhole,symbol_map
BOME,book-of-meme,,cg:book-of-meme,symbol_map
NATIX,natix-network,,cg:natix-network,symbol_map
USD0,usual-usd,,cg:usual-usd,symbol_map
ORDER,orderly-network,,cg:orderly-network,symbol_map
CATI,catizen,,cg:catizen,symbol_map
ALCH,alchemist-ai,,cg:alchemist-ai,symbol_map
TAG,tagger,,cg:tagger,symbol_map
SOSO,sosovalue,,cg:sosovalue,symbol_map
BR,bedrock-token,,cg:bedrock-token,symbol_map
MGO,mango-network,,cg:mango-network,symbol_map
IN,infinit,,cg:infinit,symbol_map
CAMP,camp-network,,cg:camp-network,symbol_map
AOP,ark-of-panda,,cg:ark-of-panda,symbol_map
VFY,zkverify,,cg:zkverify,symbol_map
ARRR,pirate-chain,,cg:pirate-chain,symbol_map
FLOW,flow,,cg:flow,symbol_map
BUSD,binance-usd,,cg:binance-usd,symbol_map
CSPR,casper-network,,cg:casper-network,symbol_map
ORAI,oraichain-token,,cg:oraichain-token,symbol_map
DESO,deso,,cg:deso,symbol_map
SSV,ssv-network,,cg:ssv-network,symbol_map
QTUM,qtum,,cg:qtum,symbol_map
FUN,funfair,,cg:funfair,symbol_map
BOBO,bobo-coin,,cg:bobo-coin,symbol_map
OMIKAMI,amaterasu-omikami,,cg:amaterasu-omikami,symbol_map
AI,sleepless-ai,,cg:sleepless-ai,symbol_map
SUSD,solayer-usd,,cg:solayer-usd,symbol_map
QAI,quantixai,,cg:quantixai,symbol_map
GRASS,grass,,cg:grass,symbol_map
HEI,heima,,cg:heima,symbol_map
ZORA,zora,,cg:zora,symbol_map
MBG,mbg-by-multibank-group,,cg:mbg-by-multibank-group,symbol_map
SPYON,spdr-s-p-500-etf-ondo-tokenized-etf,,cg:spdr-s-p-500-etf-ondo-tokenized-etf,symbol_map
OKB,okb,,cg:okb,symbol_map
BAND,band-protocol,,cg:band-protocol,symbol_map
DF,dforce-token,,cg:dforce-token,symbol_map
FCT,firmachain,,cg:firmachain,symbol_map
XRP,ripple,,cg:ripple,symbol_map
GLEEC,gleec-coin,,cg:gleec-coin,symbol_map
GRT,the-graph,,cg:the-graph,symbol_map
BICO,biconomy,,cg:biconomy,symbol_map
METIS,metis-token,,cg:metis-token,symbol_map
YGG,yield-guild-games,,cg:yield-guild-games,symbol_map
DASH,dash,,cg:dash,symbol_map
WLD,worldcoin-wld,,cg:worldcoin-wld,symbol_map
RON,ronin,,cg:ronin,symbol_map
ZEC,omnibridge-bridged-zcash-solana,,cg:omnibridge-bridged-zcash-solana,symbol_map
PEOPLE,constitutiondao,,cg:constitutiondao,symbol_map
ALPH,alephium,,cg:alephium,symbol_map
LISUSD,helio-protocol-hay,,cg:helio-protocol-hay,symbol_map
SATS,sats-ordinals,,cg:sats-ordinals,symbol_map
VTHO,vethor-token,,cg:vethor-token,symbol_map
BURN,burnedfi,,cg:burnedfi,symbol_map
ME,magic-eden,,cg:magic-eden,symbol_map
DOGS,dogs-2,,cg:dogs-2,symbol_map
XMR,monero,,cg:monero,symbol_map
WCT,connect-token-wct,,cg:connect-token-wct,symbol_map
PYTHIA,pythia,,cg:pythia,symbol_map
PI,pi-network,,cg:pi-network,symbol_map
AERGO,aergo,,cg:aergo,symbol_map
LIBERTY,torch-of-liberty,,cg:torch-of-liberty,symbol_map
OPEN,openledger-2,,cg:openledger-2,symbol_map
CTM,c8ntinuum,,cg:c8ntinuum,symbol_map
AGGON,ishares-core-us-aggregate-bond-etf-ondo-tokenized-etf,,cg:ishares-core-us-aggregate-bond-etf-ondo-tokenized-etf,symbol_map
USDON,ondo-u-s-dollar-token,,cg:ondo-u-s-dollar-token,symbol_map
AVNT,avantis,,cg:avantis,symbol_map
RIVER,river,,cg:river,symbol_map
EWT,energy-web-token,,cg:energy-web-token,symbol_map
DIA,dia-data,,cg:dia-data,symbol_map
BEL,bella-protocol,,cg:bella-protocol,symbol_map
LQTY,liquity,,cg:liquity,symbol_map
TORN,tornado-cash,,cg:tornado-cash,symbol_map
DAO,dao-maker,,cg:dao-maker,symbol_map
IXS,ix-swap,,cg:ix-swap,symbol_map
PIVX,pivx,,cg:pivx,symbol_map
BONE,bone-shibaswap,,cg:bone-shibaswap,symbol_map
GAS,gas,,cg:gas,symbol_map
A8,ancient8,,cg:ancient8,symbol_map
SUI,sui,,cg:sui,symbol_map
WAXP,wax,,cg:wax,symbol_map
XDC,xdce-crowd-sale,,cg:xdce-crowd-sale,symbol_map
PAAL,paal-ai,,cg:paal-ai,symbol_map
PORTAL,portal-2,,cg:portal-2,symbol_map
ETHFI,ether-fi,,cg:ether-fi,symbol_map
ZBCN,zebec-network,,cg:zebec-network,symbol_map
BB,bitboard,,cg:bitboard,symbol_map
HYPE,hyperliquid,,cg:hyperliquid,symbol_map
FWOG,fwog,,cg:fwog,symbol_map
META,metadium,,cg:metadium,symbol_map
DOLO,dolomite,,cg:dolomite,symbol_map
ASD,asd,,cg:asd,symbol_map
PEPEONTRON,pepeontron,,cg:pepeontron,symbol_map
AR,arweave,,cg:arweave,symbol_map
RAD,radicle,,cg:radicle,symbol_map
XVG,verge,,cg:verge,symbol_map
AAVE,aave,,cg:aave,symbol_map
ETH,bridged-wrapped-ether-starkgate,,cg:bridged-wrapped-ether-starkgate,symbol_map
BABYDOGE,baby-doge-coin,,cg:baby-doge-coin,symbol_map
OP,optimism,,cg:optimism,symbol_map
WAVES,waves,,cg:waves,symbol_map
SANTOS,santos-fc-fan-token,,cg:santos-fc-fan-token,symbol_map
KAS,kaspa,,cg:kaspa,symbol_map
PEPE,pepe,,cg:pepe,symbol_map
EDU,edu-coin,,cg:edu-coin,symbol_map
BIM,bim-2,,cg:bim-2,symbol_map
ABEL,abelian,,cg:abelian,symbol_map
ONT,ontology,,cg:ontology,symbol_map
SNX,havven,,cg:havven,symbol_map
TOSHI,toshi,,cg:toshi,symbol_map
IOTX,iotex,,cg:iotex,symbol_map
TGC,tg-casino,,cg:tg-casino,symbol_map
MEW,cat-in-a-dogs-world,,cg:cat-in-a-dogs-world,symbol_map
BOOE,book-of-ethereum,,cg:book-of-ethereum,symbol_map
XUSD,staked-stream-usd,,cg:staked-stream-usd,symbol_map
KAIA,kaia,,cg:kaia,symbol_map
MOODENG,moo-deng,,cg:moo-deng,symbol_map
BID,creatorbid,,cg:creatorbid,symbol_map
DORA,dora-factory-2,,cg:dora-factory-2,symbol_map
MUSD,metamask-usd,,cg:metamask-usd,symbol_map
ON,orochi-network,,cg:orochi-network,symbol_map
CHR,chromaway,,cg:chromaway,symbol_map
SXP,swipe,,cg:swipe,symbol_map
KAVA,kava,,cg:kava,symbol_map
HUNT,hunt-token,,cg:hunt-token,symbol_map
DEP,deapcoin,,cg:deapcoin,symbol_map
UNI,uniswap,,cg:uniswap,symbol_map
FIDA,bonfida,,cg:bonfida,symbol_map
CHEX,chex-token,,cg:chex-token,symbol_map
AUCTION,auction,,cg:auction,symbol_map
IAG,iagon,,cg:iagon,symbol_map
TON,tokamak-network,,cg:tokamak-network,symbol_map
SD,stader,,cg:stader,symbol_map
GEAR,gearbox,,cg:gearbox,symbol_map
MAV,maverick-protocol,,cg:maverick-protocol,symbol_map
ALPINE,alpine-f1-team-fan-token,,cg:alpine-f1-team-fan-token,symbol_map
LQ,liqwid-finance,,cg:liqwid-finance,symbol_map
KCS,kucoin-shares,,cg:kucoin-shares,symbol_map
POWR,power-ledger,,cg:power-ledger,symbol_map
EUSD,electronic-usd,,cg:electronic-usd,symbol_map
SEI,sei-network,,cg:sei-network,symbol_map
MOG,mog-coin,,cg:mog-coin,symbol_map
BANANA,banana-gun,,cg:banana-gun,symbol_map
WIF,dogwifcoin,,cg:dogwifcoin,symbol_map
DYM,dymension,,cg:dymension,symbol_map
USDB,usdb,,cg:usdb,symbol_map
MLC,my-lovely-coin,,cg:my-lovely-coin,symbol_map
USDP,paxos-standard,,cg:paxos-standard,symbol_map
BANANAS31,banana-for-scale-2,,cg:banana-for-scale-2,symbol_map
PIPPIN,pippin,,cg:pippin,symbol_map
TST,test-3,,cg:test-3,symbol_map
WAL,walrus-2,,cg:walrus-2,symbol_map
HP,hippo-protocol,,cg:hippo-protocol,symbol_map
MAMO,mamo,,cg:mamo,symbol_map
NVDAX,nvidia-xstock,,cg:nvidia-xstock,symbol_map
GAIA,gaia-3,,cg:gaia-3,symbol_map
U,union-2,,cg:union-2,symbol_map
LMTS,limitless-3,,cg:limitless-3,symbol_map
NB,nubila-network,,cg:nubila-network,symbol_map
DUSK,dusk-network,,cg:dusk-network,symbol_map
HNT,helium,,cg:helium,symbol_map
EPIC,epic-chain,,cg:epic-chain,symbol_map
AIOZ,aioz-network,,cg:aioz-network,symbol_map
IMX,immutable-x,,cg:immutable-x,symbol_map
BGB,bitget-token,,cg:bitget-token,symbol_map
FIRO,zcoin,,cg:zcoin,symbol_map
THETA,theta-token,,cg:theta-token,symbol_map
PROPC,propchain,,cg:propchain,symbol_map
METFI,metfi-2,,cg:metfi-2,symbol_map
LGCT,legacy-token,,cg:legacy-token,symbol_map
CYBER,cyberconnect,,cg:cyberconnect,symbol_map
ARKM,arkham,,cg:arkham,symbol_map
MEME,memecoin-2,,cg:memecoin-2,symbol_map
COQ,coq-inu,,cg:coq-inu,symbol_map
AIAT,ai-analysis-token,,cg:ai-analysis-token,symbol_map
USDY,ondo-us-dollar-yield,,cg:ondo-us-dollar-yield,symbol_map
USDL,lift-dollar,,cg:lift-dollar,symbol_map
OL,open-loot,,cg:open-loot,symbol_map
VVV,venice-token,,cg:venice-token,symbol_map
SIGN,sign-global,,cg:sign-global,symbol_map
PNK,kleros,,cg:kleros,symbol_map
LION,loaded-lions,,cg:loaded-lions,symbol_map
BOOST,boost-2,,cg:boost-2,symbol_map
RIF,rif-token,,cg:rif-token,symbol_map
C,chainbase,,cg:chainbase,symbol_map
QQQON,invesco-qqq-etf-ondo-tokenized-etf,,cg:invesco-qqq-etf-ondo-tokenized-etf,symbol_map
VRA,verasity,,cg:verasity,symbol_map
OG,og-fan-token,,cg:og-fan-token,symbol_map
YFI,yearn-finance,,cg:yearn-finance,symbol_map
NEAR,near,,cg:near,symbol_map
USTC,terrausd,,cg:terrausd,symbol_map
BADGER,badger-dao,,cg:badger-dao,symbol_map
MINA,mina-protocol,,cg:mina-protocol,symbol_map
GTC,gitcoin,,cg:gitcoin,symbol_map
ELG,escoin-token,,cg:escoin-token,symbol_map
C98,coin98,,cg:coin98,symbol_map
PEAQ,peaq-2,,cg:peaq-2,symbol_map
BTT,bittorrent,,cg:bittorrent,symbol_map
NOS,nosana,,cg:nosana,symbol_map
OMI,ecomi,,cg:ecomi,symbol_map
OAS,oasys,,cg:oasys,symbol_map
BLUR,blur,,cg:blur,symbol_map
PRIME,echelon-prime,,cg:echelon-prime,symbol_map
FDUSD,first-digital-usd,,cg:first-digital-usd,symbol_map
APEPE,ape-and-pepe,,cg:ape-and-pepe,symbol_map
LYX,lukso-token-2,,cg:lukso-token-2,symbol_map
BLAST,blast,,cg:blast,symbol_map
MVL,mass-vehicle-ledger,,cg:mass-vehicle-ledger,symbol_map
AVAIL,avail,,cg:avail,symbol_map
AI16Z,ai16z,,cg:ai16z,symbol_map
SWARMS,swarms,,cg:swarms,symbol_map
NAORIS,naoris,,cg:naoris,symbol_map
B2,bsquared-network,,cg:bsquared-network,symbol_map
CREPE,crepe-2,,cg:crepe-2,symbol_map
ARIA,aria-ai,,cg:aria-ai,symbol_map
BARD,lombard-protocol,,cg:lombard-protocol,symbol_map
CLASH,georgeplaysclashroyale,,cg:georgeplaysclashroyale,symbol_map
LEO,leo-token,,cg:leo-token,symbol_map
HBAR,hedera-hashgraph,,cg:hedera-hashgraph,symbol_map
ACH,alchemy-pay,,cg:alchemy-pay,symbol_map
DEGO,dego-finance,,cg:dego-finance,symbol_map
DODO,dodo,,cg:dodo,symbol_map
AKT,akash-network,,cg:akash-network,symbol_map
KNC,kyber-network-crystal,,cg:kyber-network-crystal,symbol_map
GOMINING,gmt-token,,cg:gmt-token,symbol_map
ARB,arbitrum,,cg:arbitrum,symbol_map
ETC,ethereum-classic,,cg:ethereum-classic,symbol_map
LUNA,luna-by-virtuals,,cg:luna-by-virtuals,symbol_map
LISTA,lista,,cg:lista,symbol_map
HFT,hashflow,,cg:hashflow,symbol_map
VIC,tomochain,,cg:tomochain,symbol_map
NOT,notcoin,,cg:notcoin,symbol_map
SAROS,saros-finance,,cg:saros-finance,symbol_map
NAVX,navi,,cg:navi,symbol_map
BRETT,based-brett,,cg:based-brett,symbol_map
AIC,ai-companions,,cg:ai-companions,symbol_map
CARV,carv,,cg:carv,symbol_map
ANIME,anime,,cg:anime,symbol_map
CORAL,coral-protocol,,cg:coral-protocol,symbol_map
EGL1,egl1,,cg:egl1,symbol_map
BSU,baby-shark-universe,,cg:baby-shark-universe,symbol_map
LOOK,look,,cg:look,symbol_map
INJ,injective-protocol,,cg:injective-protocol,symbol_map
ORCA,orca,,cg:orca,symbol_map
NEO,neo,,cg:neo,symbol_map
MAGIC,magic,,cg:magic,symbol_map
GRND,superwalk,,cg:superwalk,symbol_map
STRK,starknet,,cg:starknet,symbol_map
NEON,neon,,cg:neon,symbol_map
PIKA,pika-protocol,,cg:pika-protocol,symbol_map
QUBIC,qubic-network,,cg:qubic-network,symbol_map
CTA,cross-the-ages,,cg:cross-the-ages,symbol_map
MCDULL,mcdull,,cg:mcdull,symbol_map
CHILLGUY,chill-guy,,cg:chill-guy,symbol_map
FLOCK,flock-2,,cg:flock-2,symbol_map
DRV,derive,,cg:derive,symbol_map
AO,ao-computer,,cg:ao-computer,symbol_map
B3,b3,,cg:b3,symbol_map
NXPC,nexpace,,cg:nexpace,symbol_map
SOON,soon-2,,cg:soon-2,symbol_map
SHX,stronghold-token,,cg:stronghold-token,symbol_map
MANYU,manyu-2,,cg:manyu-2,symbol_map
VSN,vision-3,,cg:vision-3,symbol_map
ERA,caldera,,cg:caldera,symbol_map
LCX,lcx,,cg:lcx,symbol_map
WRX,wazirx,,cg:wazirx,symbol_map
UMA,uma,,cg:uma,symbol_map
DEXE,dexe,,cg:dexe,symbol_map
ZIG,zignaly,,cg:zignaly,symbol_map
ELON,dogelon-mars,,cg:dogelon-mars,symbol_map
NFT,apenft,,cg:apenft,symbol_map
MNGO,mango-markets,,cg:mango-markets,symbol_map
RACA,radio-caca,,cg:radio-caca,symbol_map
OSMO,osmosis,,cg:osmosis,symbol_map
CPOOL,clearpool,,cg:clearpool,symbol_map
RLB,rollbit-coin,,cg:rollbit-coin,symbol_map
TAO,bittensor,,cg:bittensor,symbol_map
NEXO,nexo,,cg:nexo,symbol_map
JLP,jupiter-perpetuals-liquidity-provider-token,,cg:jupiter-perpetuals-liquidity-provider-token,symbol_map
UNA,unagi-token,,cg:unagi-token,symbol_map
GME,game-stop,,cg:game-stop,symbol_map
ZEX,zeta,,cg:zeta,symbol_map
MNEE,mnee-usd-stablecoin,,cg:mnee-usd-stablecoin,symbol_map
IP,story-2,,cg:story-2,symbol_map
BANK,lorenzo-protocol,,cg:lorenzo-protocol,symbol_map
BAS,bas,,cg:bas,symbol_map
IEFAON,ishares-core-msci-eafe-etf-ondo-tokenized-etf,,cg:ishares-core-msci-eafe-etf-ondo-tokenized-etf,symbol_map
ARARA,araracoin,,cg:araracoin,symbol_map
ORBS,orbs,,cg:orbs,symbol_map
LIGHT,bitlight,,cg:bitlight,symbol_map
EDEN,openeden,,cg:openeden,symbol_map
ZERA,zera,,cg:zera,symbol_map
哈基米,hakimi,,cg:hakimi,symbol_map
AT,apro,,cg:apro,symbol_map
VNDC,vndc,,cg:vndc,symbol_map
SKL,skale,,cg:skale,symbol_map
EVER,everscale,,cg:everscale,symbol_map
EPS,ellipsis,,cg:ellipsis,symbol_map
POKT,pocket-network,,cg:pocket-network,symbol_map
GMT,stepn,,cg:stepn,symbol_map
BCH,bitcoin-cash,,cg:bitcoin-cash,symbol_map
ELF,aelf,,cg:aelf,symbol_map
CGPT,chaingpt,,cg:chaingpt,symbol_map
IOST,iostoken,,cg:iostoken,symbol_map
JUP,jupiter-exchange-solana,,cg:jupiter-exchange-solana,symbol_map
UDS,undeads-games,,cg:undeads-games,symbol_map
S,sonic-3,,cg:sonic-3,symbol_map
FARTCOIN,based-fartcoin,,cg:based-fartcoin,symbol_map
USDG,global-dollar,,cg:global-dollar,symbol_map
HSK,hashkey-ecopoints,,cg:hashkey-ecopoints,symbol_map
BERT,bertram-the-pomeranian,,cg:bertram-the-pomeranian,symbol_map
USDC,initia-bridged-usdc-initia,,cg:initia-bridged-usdc-initia,symbol_map
SAHARA,sahara-ai,,cg:sahara-ai,symbol_map
TFUEL,theta-fuel,,cg:theta-fuel,symbol_map
BOLD,liquity-bold-2,,cg:liquity-bold-2,symbol_map
KGEN,kgen,,cg:kgen,symbol_map
USDAI,usdai,,cg:usdai,symbol_map
TT,thunder-token,,cg:thunder-token,symbol_map
EGLD,elrond-erd-2,,cg:elrond-erd-2,symbol_map
AUDIO,audius,,cg:audius,symbol_map
LON,tokenlon,,cg:tokenlon,symbol_map
TLM,alien-worlds,,cg:alien-worlds,symbol_map
WILD,wilder-world,,cg:wilder-world,symbol_map
FLOKI,floki,,cg:floki,symbol_map
POLIS,star-atlas-dao,,cg:star-atlas-dao,symbol_map
GNS,gains-network,,cg:gains-network,symbol_map
WMTX,world-mobile-token,,cg:world-mobile-token,symbol_map
PHB,red-pulse,,cg:red-pulse,symbol_map
BNT,bancor,,cg:bancor,symbol_map
ORDI,ordinals,,cg:ordinals,symbol_map
NCT,polyswarm,,cg:polyswarm,symbol_map
ZRO,layerzero,,cg:layerzero,symbol_map
SPX,spx6900,,cg:spx6900,symbol_map
PIXEL,pixels,,cg:pixels,symbol_map
ENA,ethena,,cg:ethena,symbol_map
TNSR,tensor,,cg:tensor,symbol_map
REZ,renzo,,cg:renzo,symbol_map
SKI,ski-mask-dog,,cg:ski-mask-dog,symbol_map
PNUT,peanut-the-squirrel,,cg:peanut-the-squirrel,symbol_map
WHITE,whiteheart,,cg:whiteheart,symbol_map
BMT,bubblemaps,,cg:bubblemaps,symbol_map
DOOD,doodles,,cg:doodles,symbol_map
BROCCOLI,broccoli-3,,cg:broccoli-3,symbol_map
KAITO,kaito,,cg:kaito,symbol_map
MUBARAK,mubarak,,cg:mubarak,symbol_map
HYPER,hyperlane,,cg:hyperlane,symbol_map
URANUS,uranus-4,,cg:uranus-4,symbol_map
PROVE,succinct,,cg:succinct,symbol_map
MITO,mitosis,,cg:mitosis,symbol_map
Q,quack-ai,,cg:quack-ai,symbol_map
ARPA,arpa,,cg:arpa,symbol_map
AMPL,ampleforth,,cg:ampleforth,symbol_map
CFG,centrifuge-2,,cg:centrifuge-2,symbol_map
FARM,harvest-finance,,cg:harvest-finance,symbol_map
DPI,defipulse-index,,cg:defipulse-index,symbol_map
ALICE,my-neighbor-alice,,cg:my-neighbor-alice,symbol_map
SUN,sun-token,,cg:sun-token,symbol_map
GODS,gods-unchained,,cg:gods-unchained,symbol_map
JOE,joe-coin,,cg:joe-coin,symbol_map
GMX,gmx,,cg:gmx,symbol_map
XRD,radix,,cg:radix,symbol_map
SQD,subsquid,,cg:subsquid,symbol_map
APE,apecoin,,cg:apecoin,symbol_map
FORT,forta,,cg:forta,symbol_map
TIA,celestia,,cg:celestia,symbol_map
WECAN,wecan,,cg:wecan,symbol_map
VIRTUAL,virtual-protocol,,cg:virtual-protocol,symbol_map
ALEO,aleo,,cg:aleo,symbol_map
NS,suins-token,,cg:suins-token,symbol_map
GOAT,goatseus-maximus,,cg:goatseus-maximus,symbol_map
APTM,apertum,,cg:apertum,symbol_map
PUMP,pumpbtc-2,,cg:pumpbtc-2,symbol_map
RESOLV,resolv,,cg:resolv,symbol_map
TIBBIR,ribbita-by-virtuals,,cg:ribbita-by-virtuals,symbol_map
VELVET,velvet,,cg:velvet,symbol_map
HEMI,hemi,,cg:hemi,symbol_map
TAKE,overtake,,cg:overtake,symbol_map
STBL,stbl,,cg:stbl,symbol_map
SOLO,solo-coin,,cg:solo-coin,symbol_map
SAND,the-sandbox,,cg:the-sandbox,symbol_map
BFC,bifrost,,cg:bifrost,symbol_map
GFI,goldfinch,,cg:goldfinch,symbol_map
GLM,golem,,cg:golem,symbol_map
ZEN,zencash,,cg:zencash,symbol_map
ERG,ergo,,cg:ergo,symbol_map
LINK,chainlink,,cg:chainlink,symbol_map
LBT,law-blocks,,cg:law-blocks,symbol_map
ENJ,enjincoin,,cg:enjincoin,symbol_map
RED,redstone-oracles,,cg:redstone-oracles,symbol_map
XPLA,xpla,,cg:xpla,symbol_map
HONEY,honey-3,,cg:honey-3,symbol_map
WAN,wanchain,,cg:wanchain,symbol_map
RSC,researchcoin,,cg:researchcoin,symbol_map
DEUSD,elixir-deusd,,cg:elixir-deusd,symbol_map
ANYONE,airtor-protocol,,cg:airtor-protocol,symbol_map
UXLINK,uxlink,,cg:uxlink,symbol_map
NEIRO,neiro-3,,cg:neiro-3,symbol_map
HIPPO,sudeng,,cg:sudeng,symbol_map
SYRUP,syrup,,cg:syrup,symbol_map
MORPHO,morpho,,cg:morpho,symbol_map
CLANKER,tokenbot-2,,cg:tokenbot-2,symbol_map
F,synfutures,,cg:synfutures,symbol_map
BDCA,bitdca,,cg:bitdca,symbol_map
USD1,usd1-wlfi,,cg:usd1-wlfi,symbol_map
NUMI,numine-token,,cg:numine-token,symbol_map
SUP,superp,,cg:superp,symbol_map
LPT,livepeer,,cg:livepeer,symbol_map
ANKR,ankr,,cg:ankr,symbol_map
TRUTH,swarm-network,,cg:swarm-network,symbol_map
ZKC,boundless,,cg:boundless,symbol_map
ZBT,zerobase,,cg:zerobase,symbol_map
PAXG,pax-gold,,cg:pax-gold,symbol_map
OXT,orchid-protocol,,cg:orchid-protocol,symbol_map
OGN,origin-protocol,,cg:origin-protocol,symbol_map
KLV,klever,,cg:klever,symbol_map
POLS,polkastarter,,cg:polkastarter,symbol_map
ROSE,oasis-network,,cg:oasis-network,symbol_map
FLR,flare-networks,,cg:flare-networks,symbol_map
LDO,lido-dao,,cg:lido-dao,symbol_map
CLV,clover-finance,,cg:clover-finance,symbol_map
BFG,bfg-token,,cg:bfg-token,symbol_map
ENS,ethereum-name-service,,cg:ethereum-name-service,symbol_map
WALLET,ambire-wallet,,cg:ambire-wallet,symbol_map
LRC,loopring,,cg:loopring,symbol_map
TAI,tars-protocol,,cg:tars-protocol,symbol_map
SDEX,smardex,,cg:smardex,symbol_map
MNT,mantle,,cg:mantle,symbol_map
OSAK,osaka-protocol,,cg:osaka-protocol,symbol_map
QNT,quant-network,,cg:quant-network,symbol_map
BOX,debox,,cg:debox,symbol_map
PARTI,particle-network,,cg:particle-network,symbol_map
H,humanity,,cg:humanity,symbol_map
TRWA,tharwa,,cg:tharwa,symbol_map
YU,yu,,cg:yu,symbol_map
PTB,portal-to-bitcoin,,cg:portal-to-bitcoin,symbol_map
FET,fetch-ai,,cg:fetch-ai,symbol_map
ATOM,cosmos,,cg:cosmos,symbol_map
XAN,anoma,,cg:anoma,symbol_map
2Z,doublezero,,cg:doublezero,symbol_map
RUNE,thorchain,,cg:thorchain,symbol_map
CBK,cobak-token,,cg:cobak-token,symbol_map
